Name,Rating,Difficulty,# of Reviews,Take Again %,id
Weighted,3.7764705882352945,3.682352941176471,34,40.94117647058823,0
David Caprette,3.3,3.5,8,50,664471
Yousif Shamoo,3.9,4,6,-1,251380
David Queller,2.3,4,2,-1,938004
Jon Flynn,5.0,3,1,100,2328794
Nele Lefeldt,5.0,3,1,100,2609519
Michael Covington,0.0,0,0,-1,1544954
John Olson,0.0,0,0,-1,2405611
richard Gunasekera,0.0,0,0,-1,2485987
Jianpeng Ma,0.0,0,0,-1,2593510
